{"cameraMode":{"drawMode":0,"name":"Shaded","section":"Shading Mode"},"sceneLighting":true,"audioPlay":false,"sceneViewState":{"showFog":true,"showMaterialUpdate":false,"showSkybox":true,"showFlares":true,"showImageEffects":true,"showParticleSystems":true},"in2DMode":false,"pivot":{"x":-4.1461944580078129,"y":-0.40470433235168459,"z":0.2491168975830078},"rotation":{"x":0.32325655221939089,"y":-0.37361547350883486,"z":0.14074866473674775,"w":0.8579828143119812},"size":22.256271362304689,"orthographic":false}